Pt-0,TRUE,686.5560723,667.7194226,260.3719412,796.2694087,964.793934,122
Pt-1,TRUE,213.954951,552.7529952,435.549629,194.6437437,836.786912,235
Pt-2,TRUE,211.4005306,388.7342254,435.5925445,198.079635,619.9240879,235
Pt-3,TRUE,503.7993548,328.8233735,291.0987003,558.5743677,552.1132409,145
Pt-4,TRUE,1103.878298,325.6370994,196.9283512,1224.955021,536.5618559,166
Pt-5,TRUE,1129.544846,616.3182145,152.0291139,1264.922476,894.040624,99
Pt-6,TRUE,1033.819041,651.8083507,186.1749356,1175.710405,963.255933,138
Pt-7,TRUE,755.7638967,290.3184948,233.2767284,878.6645781,499.7866087,109
Pt-8,TRUE,779.1069769,235.1223047,228.5609357,896.1460589,436.7419723,109
Pt-9,FALSE,729.0148408,238.3335284,204.9895967,838.3920133,430.5470371,72
Pt-10,TRUE,722.817568,214.0121467,161.9796018,824.5992611,401.6534322,30
Pt-11,TRUE,659.7794755,211.4557922,201.0536528,755.327976,403.9890554,66
Pt-12,FALSE,742.2173486,328.8840717,244.9244147,866.5846879,551.8942749,119
Pt-13,FALSE,691.6623335,357.6514288,253.322336,811.7526119,583.5557121,118
Pt-14,TRUE,676.9853149,329.8708172,222.1873198,791.9255532,551.8057157,82
Pt-15,FALSE,624.9445024,265.0352992,233.725157,713.4259337,472.213851,97
Pt-16,FALSE,624.6421204,227.5888011,248.5247034,706.7838994,429.5160177,116
Pt-17,TRUE,770.771846,272.8778034,203.4102995,891.7923165,477.702381,77
Pt-18,TRUE,310.2137282,546.7599935,323.3097059,354.4184667,822.9065569,124
Pt-19,TRUE,437.5109601,582.8206416,316.3777222,493.0427589,866.809891,153
Pt-20,TRUE,448.2604671,538.8443959,305.7583786,516.2234196,818.1852292,141
Pt-21,TRUE,372.4456609,539.3274731,393.9016384,390.4054263,810.3944766,221
Pt-22,TRUE,394.7637651,435.9322283,374.2004028,428.4355218,681.1966635,210
Pt-23,TRUE,433.6474294,418.6250249,303.9070889,503.9024148,664.1106004,142
Pt-24,TRUE,389.9708881,375.0819758,309.4271549,441.771183,606.1520518,147
Pt-25,TRUE,282.7448141,401.2345114,310.6036103,328.226993,643.3643844,116
Pt-26,FALSE,289.7545763,351.2362052,334.7844284,326.1457623,587.6629008,147
Pt-27,TRUE,289.6219855,574.9020776,325.2176129,332.238512,854.19604,122
Pt-28,TRUE,300.0032161,563.1483081,318.7004606,343.0742561,836.90115,119
Pt-29,TRUE,395.4597307,379.0648425,282.863398,454.3305276,617.679223,117
Pt-30,TRUE,396.4115406,422.1536761,287.2335284,467.6257794,666.1212753,110
Pt-31,TRUE,695.769193,730.2118058,294.9136372,786.2414166,1046.621776,172
Pt-32,TRUE,503.663529,620.9352697,297.8967467,567.1251494,915.754742,142
Pt-33,TRUE,482.2118749,611.2274518,282.189423,548.2459432,889.913667,116
Pt-34,TRUE,539.7189763,657.1568469,278.4753137,602.0791937,948.884877,134
Pt-35,TRUE,721.1177018,694.3318968,174.4538152,838.4364408,993.94502,22
Pt-36,TRUE,636.4157198,732.0493839,236.2873663,722.4171839,1043.28779,105
Pt-37,TRUE,1153.221746,307.5408444,157.6984049,1278.348582,512.003425,135
Pt-38,TRUE,1131.286912,363.0281507,158.4089478,1257.972984,587.0619931,114
Pt-39,TRUE,1011.84256,379.8445773,183.7529656,1136.091379,601.0437044,110
Pt-40,TRUE,1271.071673,596.2692866,108.2497104,1414.942096,881.946009,121
Pt-41,FALSE,1292.877867,610.3283955,98.90448292,1447.95329,907.237941,121
Pt-42,TRUE,1315.601573,591.5572513,174.4881252,1450.858512,888.208454,213
Pt-43,TRUE,1364.73467,543.5307661,159.2043157,1515.6727,820.3508116,213
Pt-44,TRUE,1221.097704,600.5754909,216.7252012,1341.859794,890.500201,234
Pt-45,TRUE,1210.285002,564.0911218,216.5093171,1336.814514,849.292411,227
Pt-46,TRUE,984.6949132,647.2389148,206.1078947,1121.337275,952.303751,138
Pt-47,TRUE,996.1677836,628.7308048,199.0559148,1125.194481,925.737137,131
Pt-48,TRUE,970.6112723,597.5580833,185.9981852,1104.642364,886.044029,99
Pt-49,TRUE,948.5206733,595.9688891,189.8608163,1085.352803,877.464017,99
Pt-50,TRUE,968.3679863,502.416189,213.323326,1091.36319,762.5199679,132
Pt-51,TRUE,1021.765524,528.870066,199.6469354,1145.151959,793.5250705,132
Pt-52,TRUE,941.5756335,488.806659,219.6217111,1060.720425,742.4021901,136
Pt-53,TRUE,957.1239328,484.8994075,220.2749464,1071.937943,736.1728128,145
Pt-54,TRUE,960.0566795,480.9087169,237.0508426,1075.773905,733.3696723,170
Pt-55,TRUE,978.8537305,494.6565601,233.6643355,1094.036108,749.1161726,171
Pt-56,TRUE,969.3756292,503.8420633,210.4359327,1094.612017,769.3010235,126
Pt-57,TRUE,1009.826044,502.1989743,199.5772678,1136.763566,764.7391366,126
Pt-58,TRUE,1018.876054,528.6472202,195.9009991,1144.137652,789.4960524,126
Pt-59,TRUE,975.4572118,550.6546276,206.0428772,1101.027616,817.9199688,127
Pt-60,TRUE,1218.247241,570.1939119,156.5227712,1354.168602,843.200359,145
Pt-61,FALSE,1265.93188,246.0002914,327.5242329,1336.924076,459.1221984,352
Pt-62,FALSE,1487.929924,416.878208,52.92403748,1669.524555,654.5083781,137
Pt-63,FALSE,1499.06695,531.900199,54.71052795,1688.357003,796.2087455,140
Pt-64,FALSE,1597.170968,400.4562429,98.44870342,1784.916065,642.1471583,220
Pt-65,FALSE,1610.96264,436.277337,90.3079411,1795.388733,685.3073764,214
Pt-66,FALSE,1521.600839,429.1016455,112.4686099,1700.730505,681.262685,214
Pt-67,FALSE,1581.342663,507.8628455,99.05971754,1764.475066,771.2904407,214
Pt-68,FALSE,1585.320238,544.6346445,99.20808059,1779.485697,819.1532684,214
Pt-69,TRUE,797.9949631,216.7884724,217.7033665,909.393206,402.9782065,118
Pt-70,TRUE,782.3328814,190.3079807,218.6142307,889.4076539,381.3861876,113
Pt-71,TRUE,813.7091077,189.0550322,208.1698455,929.136041,377.829132,111
Pt-72,FALSE,806.6435792,210.7557572,205.3136357,921.257176,399.6560418,98
Pt-73,TRUE,642.4114743,276.1399236,219.2093958,740.4672152,485.8525782,80
Pt-74,TRUE,758.8313142,145.4776294,218.9507857,856.0473147,327.7709381,114
Pt-75,TRUE,811.8117958,162.7245403,185.4725845,921.548974,340.6184178,85
Pt-76,TRUE,812.985796,188.1629902,161.929048,930.709949,361.9907563,50
Pt-77,TRUE,788.4986259,235.5728499,132.5059012,903.441549,409.5177758,1
Pt-78,TRUE,317.0086292,392.5032701,272.9198105,374.8581642,624.4991005,82
Pt-79,TRUE,306.8066544,384.4992669,310.9569551,353.1326104,624.8171843,122
Pt-80,TRUE,281.133228,406.0162172,318.8180482,324.8857857,649.6434384,123
Pt-81,TRUE,222.1866467,440.976844,335.8941101,250.8102844,688.4461027,122
Pt-82,TRUE,245.6165843,414.1080209,329.6389654,279.1856179,653.2999159,123
Pt-83,FALSE,369.2320412,377.5707396,300.441723,418.1937268,619.5848667,131
Pt-84,TRUE,320.5159911,444.65369,285.5352859,375.7296086,696.4376253,91
Pt-85,TRUE,349.6599272,472.3898671,281.4797905,410.1858931,725.6783789,91
Pt-86,TRUE,364.155207,483.3516842,278.9239472,431.3731262,745.7740045,90
Pt-87,TRUE,318.8479236,515.5345846,300.7638686,367.9817102,783.6995864,104
Pt-88,TRUE,310.7348134,524.4443973,301.9245258,356.1417212,793.7230418,104
Pt-89,TRUE,337.247295,537.9301064,301.2310184,387.7643994,811.8200025,107
Pt-90,TRUE,336.149941,565.6539844,342.2732218,373.9813753,848.433516,150
Pt-91,TRUE,318.4952437,521.5866434,346.4478689,354.2740161,785.2179465,151
Pt-92,TRUE,216.5164794,575.2851941,363.7546681,229.308889,851.748399,150
Pt-93,TRUE,787.1347869,736.6928442,241.3238388,907.164248,1052.68865,131
Pt-94,TRUE,692.8588461,777.6515796,252.4005329,787.0967806,1101.616415,128
Pt-95,TRUE,746.0003493,795.2892131,227.839864,852.9712113,1125.238338,104
Pt-96,FALSE,616.2168722,690.5929497,208.6727026,693.9168259,986.9481,62
Pt-97,TRUE,599.3113083,656.6128531,190.6448054,700.3327959,949.087606,32
Pt-98,TRUE,616.0671631,615.3199213,202.5509194,725.8884897,901.682904,42
Pt-99,TRUE,560.9146045,618.6439769,271.5797301,636.7569087,913.459381,120
Pt-100,TRUE,546.5568458,644.2305589,265.1345412,614.8947924,937.779529,120
Pt-101,TRUE,548.6577519,610.9919059,282.4477759,620.9495335,907.699277,129
Pt-102,TRUE,579.776003,646.1549316,270.2901775,657.6108248,945.440182,129
Pt-103,TRUE,576.6000123,671.8417115,260.8614874,659.6078432,984.116646,124
Pt-104,TRUE,486.6498307,377.3902681,266.0045125,559.558444,614.7408725,106
Pt-105,TRUE,461.2098864,352.8347237,266.3056679,534.3792338,585.9985889,106
Pt-106,TRUE,464.2868814,387.0799328,246.7713062,541.4540899,633.6932108,91
Pt-107,TRUE,542.3339649,335.0650363,242.9050324,615.0846739,562.5678725,97
Pt-108,TRUE,554.8383448,335.7426596,270.1343813,620.2859222,566.329197,138
Pt-109,TRUE,539.4464324,323.1007495,275.7882898,605.6360993,544.2348535,141
Pt-110,FALSE,773.5917859,417.3290764,268.7667901,891.1404512,654.4661482,155
Pt-111,FALSE,498.0975634,415.2071989,190.9579286,595.6250082,649.7258188,30
Pt-112,TRUE,505.5420534,554.5499048,208.6060189,601.0776505,822.0989508,33
Pt-113,TRUE,421.2277349,496.9402953,212.8515869,503.9218638,761.8021617,28
Pt-114,TRUE,706.3159909,696.6499146,158.1110929,820.9248614,1000.993043,2
Pt-115,TRUE,643.4515811,564.9447233,214.8507778,758.4920841,831.459419,52
Pt-116,TRUE,640.6657651,558.9483882,200.5045939,755.61813,822.0138457,37
Pt-117,TRUE,585.0638813,590.6699002,205.4753038,691.5470063,868.482847,42
Pt-118,TRUE,627.5000669,592.064888,210.1810648,741.6237688,870.101997,52
Pt-119,TRUE,760.7536008,745.3956454,285.2876792,864.0889753,1064.162243,181
Pt-120,TRUE,807.9703676,789.0194868,271.948417,917.550743,1114.586387,180
Pt-121,TRUE,1228.872082,509.9536523,207.019149,1360.018075,777.4801903,226
Pt-122,TRUE,1197.791259,511.4956686,222.7392344,1319.902984,777.6269522,229
Pt-123,TRUE,1214.777291,518.2196643,213.4051539,1343.151181,785.6306766,229
Pt-124,TRUE,1201.50168,506.8965682,218.1676894,1328.146953,770.6516539,229
Pt-125,FALSE,1359.298319,565.7663684,84.96350271,1521.519071,843.087055,123
Pt-126,FALSE,1316.767436,574.6643648,75.60532671,1483.766617,859.51277,100
Pt-127,TRUE,1291.771901,564.3823984,85.84055973,1451.064628,844.891433,99
Pt-128,TRUE,1249.946935,592.5422266,113.3840235,1400.635682,879.849648,114
Pt-129,TRUE,1181.476958,592.1839327,158.5215257,1314.594292,868.138139,136
Pt-130,TRUE,1093.643167,639.0038886,174.8343264,1228.393836,937.074765,134
Pt-131,TRUE,1137.722693,602.2131177,132.2936179,1270.366279,872.760251,75
Pt-132,FALSE,1062.279969,636.2470128,136.4125498,1193.729203,929.118769,65
Pt-133,TRUE,1129.923368,616.811085,84.18196998,1262.81249,894.523026,13
Pt-134,TRUE,970.7371355,541.0304435,187.8329696,1102.0116,800.6879395,113
Pt-135,TRUE,952.442353,575.958234,178.760792,1084.772312,852.760178,88
Pt-136,TRUE,1023.337613,564.6345167,165.2048581,1158.263016,828.9653057,88
Pt-137,TRUE,1024.778951,588.183245,184.1833854,1149.541197,866.099836,115
Pt-138,TRUE,1033.861641,624.4538941,184.3501037,1167.616475,926.386974,129
Pt-139,TRUE,770.1226281,545.7851983,277.6313722,882.3330124,822.9736093,166
Pt-140,TRUE,785.695014,613.7315951,272.133205,901.467473,896.616276,166
Pt-141,TRUE,796.5166728,628.8248913,279.193241,909.783061,926.694088,177
Pt-142,TRUE,808.9430729,665.6495856,295.875171,916.222479,978.775631,203
Pt-143,TRUE,798.6235528,690.6128544,311.0812252,907.16334,1004.259342,222
Pt-144,TRUE,815.2901625,752.4257722,362.6967799,907.637915,1081.783408,300
Pt-145,TRUE,858.6011945,764.6054493,373.888974,942.112421,1091.508946,329
Pt-146,TRUE,854.1370314,739.2200333,367.4087651,947.874822,1072.221075,317
Pt-147,TRUE,833.8177951,731.9306303,323.9256197,943.360252,1059.731158,258
Pt-148,FALSE,946.3790692,271.7878068,344.2779804,1067.767298,474.2173968,322
Pt-149,TRUE,1039.644068,358.4697916,326.3643181,1138.674995,558.2696015,322
Pt-150,TRUE,920.7547759,242.9975561,376.800095,1019.056786,445.5458105,365
Pt-151,TRUE,1109.716917,580.4599778,300.1903614,1219.262174,874.719587,315
Pt-152,TRUE,1168.830371,593.3535531,293.5317573,1297.002463,889.65789,323
Pt-153,FALSE,872.6317177,605.2230378,142.6384657,1023.794306,870.282159,8
Pt-154,TRUE,933.532672,639.769304,152.0454151,1073.248534,925.124848,30
Pt-155,FALSE,924.6892085,612.1742783,147.1625634,1066.195891,875.496002,26
Pt-156,FALSE,863.812165,611.2036851,148.9223683,1013.78488,880.077994,11
Pt-157,FALSE,848.8986553,613.8240438,195.5193757,993.090996,901.679414,73
Pt-158,FALSE,832.7201857,572.3229842,169.0025001,985.994742,853.495118,36
Pt-159,TRUE,823.7653127,542.815011,147.0697131,975.227209,815.8308646,9
Pt-160,FALSE,847.6356413,360.4127413,161.1918884,992.817709,578.3543468,21
Pt-161,TRUE,794.2545838,276.8801135,308.8538186,890.1995584,477.4519423,226
Pt-162,TRUE,1042.051516,456.0578815,150.8503299,1169.785203,694.3012661,70
Pt-163,TRUE,1046.235308,495.3454464,148.9510453,1172.393,745.1090869,71
Pt-164,TRUE,995.0109235,462.9230344,198.6569978,1117.531892,704.4322903,125
Pt-165,TRUE,995.9148912,495.1847035,215.8218358,1122.368398,748.5502817,147
Pt-166,TRUE,997.4665942,462.8199092,211.2909985,1110.865468,706.6483189,147
Pt-167,TRUE,1194.312086,406.5336667,196.3545035,1318.466862,654.5797659,206
Pt-168,FALSE,1192.057782,447.0298376,198.2119119,1317.126043,698.4165689,206
Pt-169,TRUE,1283.943358,427.2740115,143.4554902,1426.642288,660.731187,176
Pt-170,TRUE,1289.255141,410.0873156,150.5317738,1431.854253,642.1186927,191
Pt-171,TRUE,1299.818458,378.5518016,183.717823,1437.953448,602.7175276,240
Pt-172,TRUE,1300.007483,545.3897526,224.7563472,1430.455391,816.1374712,271
Pt-173,TRUE,922.6758643,698.6855616,128.5957211,1068.020623,1027.155129,25
Pt-174,TRUE,955.3175173,696.7397449,124.9193571,1091.468753,1028.88024,25
Pt-175,TRUE,1148.497774,624.1700752,94.05941886,1280.296936,899.723078,34
Pt-176,TRUE,1067.082023,643.2673624,117.3185453,1200.429041,938.205556,41
Pt-177,TRUE,1089.334269,647.209428,120.6258054,1230.905999,937.068237,50
Pt-178,TRUE,1090.735781,635.1343102,102.0819928,1219.684767,922.73761,25
Pt-179,TRUE,1129.490106,614.371558,151.5985457,1265.546308,891.603005,96
Pt-180,TRUE,1189.107651,513.8151904,259.1213893,1303.373728,780.8305636,276
Pt-181,TRUE,1202.634152,557.2630875,253.6749914,1315.963856,834.430463,273
Pt-182,TRUE,1249.522387,338.8887524,100.7876722,1393.55771,541.1374282,109
Pt-183,TRUE,1041.488636,352.6971504,185.2525326,1166.257207,563.4725628,131
Pt-184,TRUE,1054.024351,350.2020415,170.3333923,1175.823048,562.9829862,111
Pt-185,TRUE,978.8437688,249.3673427,209.5680421,1115.111192,430.0441312,154
Pt-186,FALSE,856.8522461,340.0906805,226.8327129,985.480456,549.0501926,120
Pt-187,TRUE,821.9814326,205.0441443,358.9545219,904.241189,397.2949919,317
Pt-188,TRUE,779.0912598,157.4253772,278.7425071,874.1814326,347.8426546,201
Pt-189,TRUE,645.7685293,252.2755207,271.8484377,727.2750171,459.8989475,154
Pt-190,TRUE,645.3641834,266.6579468,278.3189399,726.5440386,476.8577694,157
Pt-191,TRUE,623.7464435,271.6526306,263.9520542,708.6920406,484.1874087,137
Pt-192,TRUE,657.0617491,338.5580865,351.0478603,721.9619344,565.2855382,249
Pt-193,TRUE,644.4626039,335.8078254,352.0928643,711.938744,559.8755286,244
Pt-194,TRUE,610.9147983,369.0524351,331.1463508,685.0506822,590.0492315,216
Pt-195,TRUE,658.1845401,338.9116188,344.1124293,729.5599314,561.6559974,238
Pt-196,TRUE,643.2328868,353.8812719,348.3885256,714.8543568,580.9913977,238
Pt-197,TRUE,1134.62624,635.1850007,143.2667178,1272.855753,926.714435,95
Pt-198,TRUE,911.9719123,265.0187737,261.2811059,1030.404848,454.4108518,202
Pt-199,TRUE,980.5042691,242.9168649,138.2484844,1118.33526,412.4740237,54
Pt-200,TRUE,1010.876148,324.0348366,306.8100916,1120.624982,521.8649193,302
Pt-201,TRUE,1014.573829,357.0679173,305.5124766,1119.287806,557.6509176,302
Pt-202,TRUE,1011.380215,360.7015458,294.7981077,1117.443189,568.5136099,289
Pt-203,TRUE,968.4876114,342.475008,303.7066689,1077.465376,546.6889775,289
Pt-204,TRUE,1060.898697,374.2161182,276.7067504,1166.32013,595.4079218,270
Pt-205,FALSE,920.8850629,698.3275506,237.5365844,1065.008277,1020.82474,165
Pt-206,TRUE,957.5200216,685.0910423,220.6815644,1095.810484,1002.292002,153
Pt-207,TRUE,959.5135684,701.8928968,234.4936801,1093.356052,1028.791303,173
Pt-208,TRUE,1096.916077,547.0396247,232.008989,1213.302333,816.5628385,205
Pt-209,TRUE,77.37234896,545.7379821,488.9439447,56.8375866,806.3939121,268
Pt-210,TRUE,682.4605413,703.0865982,331.5216592,760.8410982,1010.629485,218
Pt-211,TRUE,724.7222744,653.3412476,332.617229,812.2127955,957.396709,225
Pt-212,TRUE,720.1661965,598.532699,324.6106586,810.7405886,889.493797,214
Pt-213,TRUE,670.5903197,600.7969659,303.7839107,756.2606379,884.315365,168
Pt-214,TRUE,665.4162303,625.6318649,307.9766315,749.3395688,921.374277,175
Pt-215,TRUE,567.2641477,653.6631065,255.5627958,639.4964352,946.436194,96
Pt-216,TRUE,583.9919195,655.5689657,284.4942787,656.1759283,955.124157,154
Pt-217,TRUE,589.9472658,606.602435,245.7823209,684.9051557,895.409485,87
Pt-218,TRUE,585.6831333,337.9799903,277.4451857,666.1873781,562.5766245,141
Pt-219,TRUE,570.2682879,349.8357482,229.8784092,662.3851216,581.10272,87
Pt-220,TRUE,564.852721,349.1131688,194.4969508,668.1157011,578.2018765,43
Pt-221,TRUE,604.684933,349.884502,158.6412254,704.205463,571.3788038,1
Pt-222,TRUE,644.9650313,364.8153241,185.8533028,765.6125356,593.5968799,34
Pt-223,TRUE,633.5605179,379.0887678,187.2919849,754.8151744,614.7191884,34
Pt-224,TRUE,700.4217955,346.7218438,173.1605542,824.3545215,571.1364568,21
Pt-225,TRUE,284.75502,427.549406,323.821596,325.9553958,675.8716762,127
Pt-226,TRUE,185.5997387,429.2993938,395.0751205,173.4871198,670.0202331,186
Pt-227,FALSE,190.0485562,444.7596652,389.9992871,173.4174457,694.9030945,186
Pt-228,TRUE,246.8528667,406.2174252,361.8241538,266.113341,649.4560072,158
Pt-229,TRUE,231.4003411,528.059854,368.2655151,238.1061934,798.0934022,163
Pt-230,FALSE,234.0941617,504.4905476,338.7327869,259.1304237,768.0247261,132
Pt-231,TRUE,209.0133606,524.6272927,362.1735842,212.8461056,793.93666,152
Pt-232,TRUE,214.5132844,514.9396171,380.6935428,211.5052688,783.0987251,175
Pt-233,TRUE,427.0101725,430.3078248,266.9267795,503.7514613,678.8949449,94
Pt-234,TRUE,656.7770785,361.3150058,298.7886569,745.5215553,585.0053862,176
Pt-235,TRUE,590.5564787,398.4110977,312.5264846,681.8026887,635.4754298,193
Pt-236,TRUE,573.5364615,356.238213,350.8159722,630.5805542,584.1423121,228
Pt-237,TRUE,568.7809963,375.2850527,314.7263786,641.1408691,604.2355138,184
Pt-238,TRUE,565.2582977,296.6079899,306.178099,617.7557324,515.9190991,179
Pt-239,TRUE,613.2523642,292.7513774,332.1986062,679.8644026,512.1104611,219
Pt-240,TRUE,714.7761117,266.9930767,363.0931751,784.7541729,472.3138896,277
Pt-241,TRUE,823.632133,175.4867889,367.6656867,898.7663095,361.1124523,327
Pt-242,TRUE,785.4115975,221.0135161,385.2329283,849.2839464,412.2552372,333
Pt-243,TRUE,823.0449367,190.7743616,351.5426429,912.360223,379.8594872,306
Pt-244,TRUE,751.0507446,251.8575633,367.665224,823.0754768,454.9918414,296
Pt-245,TRUE,800.3893897,204.601128,402.735701,859.5370774,393.6454857,362
Pt-246,TRUE,789.3260259,209.4705682,329.2520564,886.1276218,395.7809238,264
Pt-247,TRUE,803.8410753,225.5133804,339.9171132,889.1657541,419.3907964,281
Pt-248,TRUE,856.7368693,201.7729641,384.5824818,929.285154,384.8153979,358
Pt-249,TRUE,827.2570779,167.9306742,387.6925123,893.2322809,352.5888358,357
Pt-250,TRUE,831.5284513,172.4288275,407.2771423,889.8009132,357.6169948,383
Pt-251,TRUE,829.9671843,156.1789604,406.628142,885.5524695,338.716224,383
Pt-252,TRUE,880.8960988,343.4609028,298.8620605,991.932446,550.6148216,252
Pt-253,FALSE,1093.914544,323.2225869,95.55744679,1216.827723,532.7165362,14
Pt-254,FALSE,1074.595156,328.7335503,98.61722823,1196.268782,547.7399909,10
Pt-255,TRUE,1078.101202,332.4386075,153.6305942,1205.026875,543.7512855,91
Pt-256,TRUE,1124.465956,612.2393671,203.7701311,1252.81785,896.585182,178
Pt-257,FALSE,1204.503569,615.0234581,108.5620131,1349.656554,903.235927,83
Pt-258,TRUE,1255.710067,610.9344615,85.44560094,1418.114305,905.911915,82
Pt-259,FALSE,1369.698576,551.0960241,100.9438275,1525.16624,827.1887916,146
Pt-260,TRUE,1350.764901,576.7352515,106.124437,1508.086289,862.863129,146
Pt-261,FALSE,1401.853209,540.9147722,66.61945652,1575.00012,809.569514,119
Pt-262,FALSE,1365.389839,564.1630938,86.41262203,1525.410195,847.960555,127
Pt-263,TRUE,1231.587947,620.3026341,98.44350227,1383.135418,915.964558,84
Pt-264,TRUE,1355.866739,610.3439647,143.4832261,1511.978358,909.981054,190
Pt-265,TRUE,1307.899781,595.4491714,181.6412081,1447.295385,896.280511,220
Pt-266,TRUE,1207.075225,627.2578955,178.6766181,1340.889575,925.127702,170
Pt-267,TRUE,1181.406328,657.0639428,194.3172775,1313.684698,955.959492,195
Pt-268,TRUE,1229.017972,612.9075245,223.0099255,1347.467666,908.771753,246
Pt-269,FALSE,1303.968374,368.0222856,117.5292099,1451.514992,585.6203172,161
Pt-270,FALSE,1378.28105,389.4465405,110.7575779,1540.238932,614.8753071,178
Pt-271,FALSE,1315.99517,368.6630082,84.61803075,1472.730475,578.4052207,122
Pt-272,FALSE,1260.805037,390.4978935,194.1013629,1389.351367,621.9598612,227
Pt-273,TRUE,1192.600928,395.6849196,236.7512294,1307.548143,630.7321564,257
Pt-274,TRUE,1210.872617,405.908177,230.530956,1329.766322,638.9472514,257
Pt-275,FALSE,1326.255351,414.4444255,172.1318062,1461.374695,651.8592078,232
Pt-276,TRUE,1357.55236,429.1243558,189.0602805,1503.110924,678.2958178,262
Pt-277,TRUE,1251.886692,429.2883884,220.9027895,1375.571293,674.7283514,260
Pt-278,TRUE,1233.577733,506.5552902,230.2808249,1358.537593,773.2650225,260
Pt-279,TRUE,1243.778829,563.5153237,230.2936418,1361.732739,848.047662,260
Pt-280,TRUE,1295.857887,533.0757178,195.4442207,1430.813912,808.3823572,234
Pt-281,TRUE,1255.064528,569.2594666,183.3480964,1389.699084,852.644661,197
Pt-282,TRUE,1293.277749,537.2546436,172.4127141,1433.909415,807.6947967,200
Pt-283,FALSE,1252.536304,558.8893668,192.5090776,1386.662472,839.545482,211
Pt-284,FALSE,1334.999329,561.1875338,151.3937003,1484.901004,842.488887,188
Pt-285,FALSE,1323.408163,570.9900511,157.2082829,1472.050579,856.300304,188
Pt-286,TRUE,1380.806222,522.1756598,149.2912702,1534.710361,790.4225751,212
Pt-287,TRUE,763.8301987,687.1069965,377.917936,841.2564041,997.048134,300
Pt-288,TRUE,832.9076256,715.4988946,359.2486071,926.653487,1046.854462,300
Pt-289,TRUE,790.7028346,711.0568429,390.2910154,866.5577943,1031.053583,326
Pt-290,TRUE,777.2062102,775.1610708,314.7106071,873.8176786,1102.793986,225
Pt-291,TRUE,726.2491156,788.5335766,343.9872354,807.8973558,1119.128055,249
Pt-292,TRUE,1110.783191,309.1743778,139.0405419,1238.701439,514.4177564,87
Pt-293,TRUE,1149.997125,307.0599877,129.6979906,1276.429368,514.519141,90
Pt-294,TRUE,1167.696784,287.1786551,121.8373679,1304.806178,489.1431367,95
Pt-295,FALSE,1170.022344,330.3870624,83.68719238,1298.381726,533.0988225,42
Pt-296,FALSE,1156.302601,349.4746876,81.05311869,1282.773244,567.789278,27
Pt-297,TRUE,1117.241942,340.1761869,141.7999422,1241.655203,557.9477612,82
Pt-298,FALSE,1123.196132,333.3572842,121.9626258,1246.698169,550.8630167,59
Pt-299,TRUE,1273.125534,302.7757978,158.4063076,1435.921347,501.7701419,199
Pt-300,TRUE,1314.798698,322.4456605,174.8686105,1453.184744,530.066937,237
Pt-301,FALSE,1356.569978,348.2626792,88.73795673,1520.067786,558.2503741,144
Pt-302,FALSE,1404.593282,399.8651403,94.18139557,1571.065228,625.2225885,165
Pt-303,FALSE,1364.642788,355.7036743,121.0155523,1527.001504,571.1434438,186
Pt-304,TRUE,1235.802756,287.650715,125.8328692,1394.459163,488.266433,138
Pt-305,TRUE,1198.033527,318.9548959,179.6798331,1325.231871,528.3415027,185
Pt-306,TRUE,1173.54299,285.0684265,150.704737,1301.766785,488.7534583,138
Pt-307,TRUE,1218.119176,343.663812,171.9072963,1352.339225,555.4836939,185
Pt-308,TRUE,1241.764512,337.8890896,158.9903018,1374.86429,545.8701716,178
Pt-309,TRUE,1233.224807,342.9188329,183.8597713,1364.459116,560.327509,205
Pt-310,TRUE,1233.374744,322.5922684,211.9637806,1362.621983,530.5425513,239
Pt-311,TRUE,1221.270013,321.4438878,186.5349564,1350.17315,532.3926632,205
Pt-312,TRUE,1202.1446,335.257414,157.8433781,1327.849874,542.751667,152
Pt-313,TRUE,1184.653124,323.9954718,190.0538364,1309.264988,538.1558527,192
Pt-314,TRUE,1203.374303,353.6250286,107.1967031,1344.317783,567.3046162,85
Pt-315,TRUE,1003.688648,683.1307992,170.2109537,1154.430028,998.448432,104
Pt-316,TRUE,948.1683654,662.9634345,227.0886988,1081.279379,972.743196,157
Pt-317,TRUE,949.1675822,663.7032593,231.9470979,1080.01962,967.71281,164
Pt-318,TRUE,763.5222405,817.7821095,324.2431792,845.8028852,1149.318892,237
Pt-319,TRUE,774.2877016,792.1117255,326.9030524,863.9881067,1121.569389,241
Pt-320,TRUE,733.8337072,748.2748964,338.0467796,818.9683723,1070.355997,238
Pt-321,TRUE,796.0065043,703.6341766,336.5332948,891.5875725,1021.901751,257
Pt-322,TRUE,849.6883964,671.302977,375.8383136,935.910077,982.965182,327
Pt-323,TRUE,845.2956685,696.4106577,389.5518291,923.084943,1014.616446,341
Pt-324,TRUE,820.7815477,728.3139324,408.8018097,888.933816,1054.43321,356
Pt-325,TRUE,845.8867284,742.7145241,414.7596773,913.73445,1067.730324,375
Pt-326,TRUE,622.1373582,623.1575944,261.9952681,709.130694,914.022357,112
Pt-327,TRUE,617.9701121,681.244026,283.8135886,699.1861337,986.623888,150
Pt-328,TRUE,591.9662464,669.0326822,284.4281831,672.7885985,978.242189,156
Pt-329,TRUE,685.1223363,614.5372232,183.1361455,810.299827,894.8186,26
Pt-330,TRUE,722.0231444,609.7323688,242.1810582,837.8267141,895.332228,104
Pt-331,TRUE,729.3944668,624.4359173,227.695076,854.5054932,908.039761,88
Pt-332,TRUE,757.1230026,601.2676338,171.3516235,888.9258849,880.285077,20
Pt-333,TRUE,813.8175238,703.9974146,170.7370717,947.983323,1012.060112,39
Pt-334,TRUE,826.8239199,722.9945978,166.7591082,960.300464,1034.84312,43
Pt-335,TRUE,832.7183622,766.0387183,203.0582591,959.452169,1085.550152,92
Pt-336,TRUE,630.2695813,631.5955283,225.8019222,732.9662356,921.50612,71
Pt-337,TRUE,581.6808648,678.4979124,236.8210767,662.3058907,973.715006,85
Pt-338,TRUE,639.9476078,687.4327558,175.765921,743.1231194,986.236852,25
Pt-339,TRUE,606.3832571,606.0929741,296.6151818,691.6295973,899.223438,153
Pt-340,TRUE,574.9926645,573.113738,312.2738698,651.1079272,859.33773,169
Pt-341,TRUE,633.9010798,644.2200312,363.4787585,697.1578765,941.299946,252
Pt-342,TRUE,638.1971022,614.22643,405.5622528,698.0047236,898.727038,295
Pt-343,TRUE,936.0740031,668.0390304,283.0642671,1055.42392,980.801271,231
Pt-344,TRUE,868.7306337,620.4364994,301.5096629,973.496853,917.185875,231
Pt-345,TRUE,964.2343394,643.4881685,217.9983097,1093.924353,937.369008,146
Pt-346,TRUE,972.6400567,621.4287227,233.4669762,1089.685436,914.425826,169
Pt-347,TRUE,964.569053,643.8133851,205.9941693,1099.95579,947.393788,135
Pt-348,TRUE,979.8587545,675.6407777,155.3254925,1122.293598,992.555544,57
Pt-349,TRUE,977.0778165,650.4861678,182.6756907,1115.225952,957.566193,102
Pt-350,TRUE,1161.423772,628.5641315,82.99202496,1299.00971,911.092364,29
Pt-351,TRUE,1283.007082,602.917522,138.2168652,1430.544571,896.50733,160
Pt-352,TRUE,1275.668002,574.2685161,159.638374,1419.102754,856.938163,179
Pt-353,FALSE,1322.832715,571.3964482,155.221825,1472.379106,857.588756,190
Pt-354,TRUE,1300.399748,575.9351761,131.7430231,1445.403809,859.993665,152
Pt-355,TRUE,1267.044216,594.9049607,115.3034276,1416.316606,885.342126,127
Pt-356,TRUE,1288.465465,581.2455386,76.42138993,1462.176906,865.536588,89
Pt-357,TRUE,1213.319238,604.7498692,177.1168371,1347.716372,894.600931,173
Pt-358,TRUE,1248.572575,620.7211178,150.3882289,1390.169812,916.904176,158
Pt-359,TRUE,1274.531167,595.8461427,131.0229486,1418.957504,889.47897,147
Pt-360,TRUE,1179.736317,627.2314621,182.3908264,1305.437462,916.801449,164
Pt-361,TRUE,1213.381926,632.5046914,172.2296355,1348.189837,930.361401,171
Pt-362,TRUE,1181.953216,628.1685713,150.6167437,1320.0631,917.567934,124
Pt-363,TRUE,334.2457938,389.8163509,317.9465151,380.5685817,629.0255871,137
Pt-364,TRUE,859.3048443,634.9527056,321.0715899,961.239091,934.16628,249
Pt-365,TRUE,926.3667866,311.8758824,267.3911844,1039.127353,513.7230185,206
Pt-366,TRUE,908.4198536,310.6984775,270.4980633,1021.157327,516.6971268,206
Pt-367,TRUE,893.0174193,337.3632622,216.0764027,1021.984872,552.4122936,118
Pt-368,TRUE,726.7468219,382.4024101,396.3434382,794.8015391,616.9251886,327
Pt-369,TRUE,815.3599888,327.5433333,418.0387803,878.8788939,545.3577051,389
Pt-370,TRUE,760.2844903,366.7828281,433.8994631,817.9272351,599.2692451,389
Pt-371,TRUE,690.1092166,321.0743118,422.5822924,741.5763616,550.07627,351
Pt-372,TRUE,850.7617437,243.7265016,394.9536916,921.688495,441.137179,363
Pt-373,TRUE,1005.779823,626.750789,232.6596786,1130.628623,930.222906,182
Pt-374,TRUE,1030.333219,594.5520244,229.1687511,1150.004066,880.5373,181
Pt-375,TRUE,726.8339283,276.5726033,224.7435489,840.9692739,485.686582,97
Pt-376,TRUE,731.1512659,231.5616291,220.0109072,838.7641979,430.8530802,101
Pt-377,TRUE,815.1207833,209.4365837,302.8940209,920.777298,393.2496873,237
Pt-378,TRUE,777.5433192,229.6450345,274.7900326,873.5365211,422.9741822,184
Pt-379,TRUE,809.8799228,232.0467351,241.2363617,925.878814,424.6402748,147
Pt-380,FALSE,631.2068039,494.6672123,267.3609967,744.768263,752.091918,109
Pt-381,TRUE,624.0344302,520.8054694,256.669806,734.055485,790.3234231,101
Pt-382,FALSE,187.6263071,510.7114811,396.7086397,163.6892635,775.8503527,189
Pt-383,TRUE,249.7366153,501.6225666,317.6527392,286.951013,759.2264294,110
Pt-384,TRUE,384.8156053,517.0387095,278.5136788,455.2977767,787.5818465,94
Pt-385,TRUE,326.9999034,539.157955,273.0758143,390.7706848,810.4715892,68
Pt-386,TRUE,311.6751908,557.3226418,265.4255405,383.0859726,831.001776,56
Pt-387,TRUE,406.3929184,530.0607651,224.7297324,493.3345544,797.4066757,29
Pt-388,FALSE,478.0245898,441.2285057,183.8700014,580.7498678,690.0925614,16
Pt-389,TRUE,502.0938203,468.5214547,175.1610399,600.9052334,718.5228511,6
Pt-390,TRUE,500.9406414,402.0415184,236.6428456,585.9745782,646.7720248,79
Pt-391,TRUE,472.5055134,439.6597249,216.9494773,572.0023838,688.9154566,47
Pt-392,TRUE,464.9526335,401.2417106,228.1710528,553.0898262,646.7378558,63
Pt-393,TRUE,485.7968579,381.9208192,253.8322999,562.7019979,622.3809706,100
Pt-394,TRUE,123.3787877,357.2871923,430.3673976,117.3229526,580.5805977,209
Pt-395,TRUE,176.3361392,384.3312809,447.5458452,157.1486352,612.6502654,244
Pt-396,TRUE,134.3641141,329.9274573,437.3423533,132.0872217,554.3310432,214
Pt-397,TRUE,222.6161911,325.1747858,437.3354604,227.6433422,555.6555682,238
Pt-398,TRUE,184.5445135,311.8308984,454.5698328,182.2307872,530.5421825,262
Pt-399,TRUE,117.7678647,346.8372012,448.1166791,106.6099251,563.8614553,230
Pt-400,TRUE,169.0793033,388.3687915,425.2121594,158.3310531,619.9062529,217
Pt-401,TRUE,286.3931508,417.1501669,353.4220342,315.2551821,654.8178653,165
Pt-402,FALSE,290.8147902,360.2380827,295.04572,342.0556688,596.5426592,102
Pt-403,TRUE,422.5105994,380.466432,283.9375995,497.9995508,618.8201203,127
Pt-404,TRUE,605.6723842,654.4390505,251.0932506,694.7670015,954.827423,103
Pt-405,TRUE,630.5279136,666.6488084,233.7697406,729.8661768,965.851551,86
Pt-406,TRUE,666.229876,720.2468566,187.3434298,774.9758654,1031.331927,36
Pt-407,TRUE,683.4228008,608.6673764,229.2392112,802.1986459,889.657349,80
Pt-408,TRUE,975.2350102,448.5525275,226.3561536,1091.720386,684.9245685,164
Pt-409,TRUE,984.4224643,450.447992,233.399246,1098.273612,694.7199786,178
Pt-410,TRUE,986.2309884,457.8397916,225.2082476,1101.011089,693.7448549,159
Pt-411,TRUE,956.9044442,205.5726043,167.3416709,1094.208711,380.8455705,94
Pt-412,FALSE,682.4943569,768.5875366,292.9890852,765.1802406,1087.539872,174
Pt-413,TRUE,703.3074022,784.4506688,284.668534,792.8959515,1109.967415,170
Pt-414,TRUE,681.3553151,765.2435122,293.4619436,764.4735984,1086.729307,176
Pt-415,TRUE,668.9623291,753.1476749,248.2000128,764.6419527,1071.025552,116
Pt-416,TRUE,657.9942535,739.0473554,218.3806876,758.0955045,1054.964617,79
Pt-417,TRUE,616.8249126,691.0757011,205.1607369,717.8658942,996.980114,50
Pt-418,FALSE,634.2376365,663.7707929,162.4252723,737.1210613,958.917245,8
Pt-419,TRUE,651.2167482,670.9898674,157.5819794,753.7306966,971.817562,2
Pt-420,TRUE,633.1136211,665.2414922,168.1738546,736.397663,958.399547,10
Pt-421,TRUE,939.0536658,296.2483051,330.7230024,1037.827716,497.7745779,301.8273614
Pt-422,TRUE,947.296562,302.6917928,382.0776411,1034.599972,508.2647474,382.5209728
Pt-423,TRUE,884.9196277,343.3275821,337.6075948,987.797677,552.6462337,300.2134892
Pt-424,TRUE,965.7346729,354.1032018,292.9491633,1071.315565,563.5398713,261.8840237
Pt-425,TRUE,863.2803947,377.4426714,317.7828854,967.6242741,595.8173158,250.1834501
Pt-426,TRUE,776.5284662,370.3787685,355.6155156,863.5295153,595.8173158,270.3568529
Pt-427,TRUE,711.0866007,389.4414157,332.6094127,795.3434137,620.8323354,234.4481958
Pt-428,TRUE,694.6879009,504.249414,440.8609576,748.541119,765.677368,381.3105687
Pt-429,TRUE,726.3702799,504.3034748,427.6781928,794.9399456,765.677368,374.4516117
Pt-430,TRUE,813.2996387,504.3512591,394.1608632,885.7202585,765.677368,342.9811032
Pt-431,TRUE,494.2100641,445.0864832,371.7202952,559.7180682,693.0531176,225.5718986
Pt-432,TRUE,451.9124084,435.9729954,374.0518557,504.0394763,684.9837565,234.0447278
Pt-433,TRUE,379.8704486,394.5561031,370.0374899,399.5412495,628.4982285,203.7846235
Pt-434,TRUE,424.6057798,394.2879957,368.6287128,458.8510539,628.4982285,212.2574527
Pt-435,TRUE,852.3768163,544.7598008,335.5028913,948.238165,819.9304429,259.9410378
Pt-436,TRUE,703.750398,318.87328,396.1245477,771.0378167,542.8951129,313.0152645
Pt-437,TRUE,1089.813871,356.8812101,288.4513793,1194.378181,571.1378769,299.3901756
Pt-438,TRUE,1011.428954,345.3754103,332.298667,1106.825613,541.6847087,339.3335132
Pt-439,TRUE,782.9909984,388.4523163,333.6720819,869.0033675,612.1325693,254.525903
Pt-440,TRUE,785.3083684,353.43366,363.8266924,865.8824182,575.7214943,290.1567407
Pt-441,TRUE,683.7198017,492.5311001,398.1449274,761.5320968,749.1521913,327.9865793
Pt-442,TRUE,562.8874519,490.1322389,277.9454371,670.018853,754.8869356,127.2791316
Pt-443,TRUE,606.26464,484.631103,259.4860038,716.470282,743.4174469,102.3329938
Pt-444,TRUE,654.2011016,496.9321954,394.8220728,730.5204055,754.0956266,320.0063784
Pt-445,TRUE,668.2351514,496.9293329,422.3893068,730.5204055,759.5572878,367.5228313
Pt-446,TRUE,640.813531,497.4579298,356.7551682,730.5204055,761.7419523,244.9085362
Pt-447,TRUE,460.92563,449.3570948,330.2274654,535.6969734,691.4344828,183.2958102
Pt-448,TRUE,462.4454542,530.2945771,314.866087,535.6969734,799.5639222,157.4738546
Pt-449,TRUE,442.714465,442.0947447,308.2782561,515.5235705,686.1893981,146.176749
Pt-450,TRUE,367.8340108,387.3445871,286.4034521,418.6912368,620.0206367,103.812603
Pt-451,TRUE,369.0420263,339.6115246,278.918194,418.6912368,568.3767254,110.6715599
Pt-452,FALSE,391.7663125,368.7716821,237.0475159,457.8276383,582.9015754,66.29007363
Pt-453,TRUE,481.8444405,334.4944966,312.4559998,530.4518887,552.2380031,152.2287698
Pt-454,TRUE,690.065851,410.4387348,331.5730075,781.1630292,648.5811318,224.0243519
Pt-455,TRUE,641.3926082,408.8039389,315.2141366,729.2651575,648.5811318,186.0445458
Pt-456,TRUE,580.1440762,407.4506407,358.2677016,652.1260482,648.5811318,232.2808315
Pt-457,TRUE,760.5245172,286.6999124,394.6640323,830.1590985,498.3132033,342.1881643
Pt-458,TRUE,835.2707921,264.9268925,374.2814923,916.0264862,467.6462791,329.4495958
Pt-459,FALSE,767.6127575,291.504453,396.3741205,834.0437647,500.839696,337.6164603
Pt-460,FALSE,740.8128818,548.2208825,260.4202519,863.2471807,824.4401381,138.5568454
Pt-461,TRUE,624.9617291,547.4265005,272.8142381,726.8973177,824.4401381,127.7054723
Pt-462,TRUE,675.8298703,548.3051501,332.6178987,761.574532,824.4401381,221.5934402
Pt-463,FALSE,861.4840783,550.746977,241.7521898,996.9267838,827.9826633,145.0413844
Pt-464,FALSE,834.6459325,526.0662055,244.5473155,962.3910257,799.4822803,136.1559709
Pt-465,TRUE,937.5119834,499.6603846,214.9556354,1058.286432,755.8934594,134.9824257
Pt-466,TRUE,1032.922658,491.9360184,311.8143093,1126.099019,745.0114218,310.0413984
Pt-467,FALSE,1040.1148,518.2202634,337.774797,1126.099019,786.8351272,346.9856714
Pt-468,TRUE,1039.859281,520.8330369,337.4085395,1126.099019,790.6689668,339.3179921
Pt-469,TRUE,1008.548939,396.3441957,361.4323727,1092.291523,628.2535778,363.3666227
Pt-470,TRUE,1066.011457,475.5623219,315.6436958,1158.51239,727.5848779,325.376757
Pt-471,TRUE,1049.791878,389.482229,255.7111528,1158.51239,611.5240957,235.4557906
Pt-472,TRUE,1066.469606,363.0298058,296.8865446,1172.453625,575.9739462,303.0707808
Pt-473,TRUE,963.5625757,351.0345757,205.4897283,1093.35901,557.2882446,130.7494515
Pt-474,TRUE,956.3030262,283.8520805,221.3743083,1086.039862,470.8525869,157.2377982
Pt-475,TRUE,945.3869234,233.5492592,307.5519042,1057.46033,428.6803507,281.6633215
Pt-476,TRUE,915.8937077,223.9308412,258.8222644,1033.063168,424.1494493,199.4100344
Pt-477,TRUE,884.3826552,262.0293126,197.692954,1015.288094,462.4878459,100.0787342
Pt-478,FALSE,892.1488146,279.1895474,178.4768646,1029.229329,480.9599824,61.7403377
Pt-479,FALSE,918.9656942,289.6052802,153.1620852,1056.763268,484.793822,33.16080573
Pt-480,FALSE,910.2792902,339.4029678,146.8838445,1050.489712,557.9853063,8.066582542
Pt-481,TRUE,952.2717745,213.5480506,240.2301886,1078.372183,391.3875468,190.3482316
Pt-482,TRUE,1153.24636,358.9001617,287.6135557,1250.970181,580.9028607,315.1558767
Pt-483,TRUE,989.5366448,476.8035392,310.9662552,1091.564635,737.4101239,293.4187569
Pt-484,TRUE,494.5256326,523.1725691,357.8318875,563.3526219,790.3037823,219.5125492
Pt-485,FALSE,367.784811,372.0679761,384.9063379,388.7310921,601.1908392,217.3388372
Pt-486,TRUE,690.796811,341.9877907,371.1529894,762.6601304,570.8094475,273.6865481
Pt-487,FALSE,312.9568465,400.0393741,486.0899071,325.4770531,636.7216194,345.2630472
Pt-488,TRUE,277.6920974,379.3931402,486.8557708,266.2590862,605.8252888,320.5459828
Pt-489,TRUE,646.2932174,437.2160033,311.5358199,745.9989469,684.7114778,187.9947246
Pt-490,FALSE,809.0061484,439.7122195,239.0843633,936.2811096,684.7114778,125.2212276
Pt-491,TRUE,808.5708916,439.6983916,239.1708065,932.848184,684.7114778,135.0295865
Pt-492,FALSE,828.5655525,442.2147195,294.4149939,932.848184,684.7114778,195.3509938
Pt-493,FALSE,842.8503141,412.1280492,228.0070217,972.0816197,645.4780421,113.4511969
Pt-494,TRUE,715.247027,377.1390217,331.9871383,800.4353388,605.7541886,239.9790268
Pt-495,TRUE,778.2384879,379.1211313,266.9053528,889.2009869,605.7541886,158.5696479
Pt-496,TRUE,805.1372333,251.220368,322.7880121,905.3847791,448.8204461,251.2586395
Pt-497,TRUE,760.2148983,214.9193946,292.5949273,845.5537898,404.682831,195.8414117
Pt-498,TRUE,776.6562268,223.0640719,262.2256688,881.3542998,419.3953694,162.9834094
Pt-499,FALSE,872.0982498,293.7495493,242.3612032,993.1695913,496.8814047,137.9720942
Pt-500,FALSE,843.130104,348.9275286,185.5573324,992.1887554,565.5399171,41.85017689
Pt-501,TRUE,1045.376047,274.5248602,139.6832471,1197.673874,458.138387,106.5853457
Pt-502,TRUE,1009.482281,300.8062131,188.3636432,1141.275811,490.5059714,127.1828994
Pt-503,TRUE,957.7700874,332.0768021,200.8121882,1087.329837,534.6435865,119.3362122
Pt-504,TRUE,1012.91534,334.884022,213.2050802,1133.919542,534.6435865,164.9450812
Pt-505,TRUE,1024.869723,332.7955103,183.7801574,1152.065006,534.6435865,122.7691379
Pt-506,TRUE,1091.354947,326.0420963,160.4415275,1218.271428,534.6435865,108.0565995
Pt-507,TRUE,914.0723406,330.1938698,305.6963277,1020.632996,534.6435865,258.6149087
Pt-508,TRUE,866.3905373,320.6311758,417.705022,933.8290199,534.6435865,392.4990078
Pt-509,TRUE,1049.238293,309.2978775,105.237821,1193.260113,513.0651969,6.049666883
Pt-510,TRUE,1055.878442,278.1659891,135.731559,1207.972651,464.0234024,109.5278533
Pt-511,TRUE,1101.844786,286.3775942,136.6206701,1244.263579,483.6401202,128.6541532
Pt-512,TRUE,1183.970464,277.3969757,213.0293785,1332.048391,483.6401202,230.1706679
Pt-513,TRUE,594.474501,496.5226167,405.5907923,658.2141347,763.178349,294.9058367
Pt-514,TRUE,412.5276494,339.4083143,292.001709,472.7400336,566.5054876,125.321438
Pt-515,FALSE,441.2192009,349.252296,336.8107295,486.5034199,572.2402319,156.5757945
Pt-516,TRUE,471.085356,350.6827659,318.7240965,528.0803162,575.1076041,146.5399919
Pt-517,TRUE,322.1482465,560.738876,352.3226817,352.9961449,843.6761625,161.4239496
Pt-518,TRUE,321.9862303,569.3482917,343.7471843,356.5167804,855.2942598,152.7983926
Pt-519,TRUE,320.9470797,569.5778013,335.5230945,360.037416,853.3579102,145.9331533
Pt-520,TRUE,316.4015878,556.287748,329.2883377,360.037416,835.7547326,134.6671196
Pt-521,TRUE,322.3060906,530.5070345,334.9005762,361.7977337,805.8293305,142.7645813
Pt-522,TRUE,308.5201205,542.7347051,289.9244285,361.7977337,816.2152053,85.73028556
Pt-523,TRUE,298.3897394,524.0622852,320.1987709,338.9136027,793.5071061,119.8804503
Pt-524,TRUE,325.9151984,529.172242,326.6528573,368.8390048,803.3648856,131.8506111
Pt-525,TRUE,320.1881611,542.1911758,301.1847184,368.8390048,815.8631418,102.6293361
Pt-526,TRUE,340.4148931,526.9635344,334.2598522,382.921547,800.9004407,148.2215664
Pt-527,TRUE,340.5488948,536.2368618,335.6871073,382.921547,812.518538,147.693471
Pt-528,TRUE,320.4797342,525.5166214,281.4995034,375.8802759,793.8591696,81.68155469
Pt-529,TRUE,319.5912387,499.139631,305.5058308,371.6555132,764.1097993,110.0226708
Pt-530,TRUE,312.8034989,505.1810693,301.3312462,362.8539244,772.0312293,104.2136221
Pt-531,TRUE,322.0845156,496.8008104,291.3569314,376.9364666,762.5255133,94.35584263
Pt-532,TRUE,337.7022327,553.3819418,308.0395154,385.7380554,829.9456839,118.2961643
Pt-533,TRUE,333.7264297,574.0485881,304.5086484,382.2174199,854.2380691,113.8953699
Pt-534,TRUE,338.0186225,569.875813,330.3566,378.6967843,853.7099738,145.4050579
Pt-535,TRUE,332.9441183,573.292025,310.2174922,378.6967843,854.5901327,112.1350521
Pt-536,TRUE,330.6064388,590.9409339,325.7714118,371.6954403,876.5934347,136.4267939
Pt-537,TRUE,298.762391,579.8477521,343.7695832,332.3651519,867.3878289,147.760613
Pt-538,TRUE,285.9991379,559.2616519,336.7875348,320.0429275,838.870681,136.1425157
Pt-539,FALSE,345.7688543,579.3927149,296.2486059,397.660839,859.8953884,103.0530525
Pt-540,TRUE,360.344461,573.5787673,312.7786949,407.8497782,855.0046975,128.9329583
Pt-541,TRUE,356.5241021,583.1302421,299.8724629,407.8497782,865.6011944,109.7777524
Pt-542,TRUE,353.6823557,562.4945664,304.9048084,403.7742025,840.9439613,113.4457705
Pt-543,TRUE,349.1142388,587.3710938,307.8909761,395.6230511,869.6767701,119.5591341
Pt-544,TRUE,345.2138325,578.5930718,296.9894845,395.6230511,860.5067247,101.8303798
Pt-545,TRUE,332.924489,532.6713698,286.7405264,389.1021299,804.4675586,90.01121018
Pt-546,TRUE,338.4042597,525.4112739,306.7629874,389.1021299,795.2975133,117.5213463
Pt-547,TRUE,326.7453814,532.5142204,295.686331,380.9509785,804.060001,97.95858282
Pt-548,TRUE,350.9740541,531.4627282,285.9687381,410.1047285,802.7339756,92.77509909
Pt-549,TRUE,194.2862983,543.0375668,400.9408856,179.0080471,816.4310269,190.2490843
Pt-550,TRUE,198.3547998,543.5704301,385.5528902,189.9313696,815.8848608,174.6833498
Pt-551,TRUE,203.5763989,554.0852098,409.6434623,190.168311,829.9251979,199.0399336
Pt-552,TRUE,211.2203769,557.1778418,405.2402128,200.7302177,831.5094839,197.2796158
Pt-553,TRUE,213.3010899,560.1935042,412.4047815,200.7302177,835.9102783,205.7291411
Pt-554,TRUE,205.9418972,549.9142536,384.0160381,200.7302177,824.6442446,174.219453
Pt-555,TRUE,201.8299077,549.1856574,388.6550798,193.6889466,824.4682128,178.7962792
Pt-556,TRUE,193.2740957,534.2462073,384.558929,185.6129882,804.5763271,173.6914649
Pt-557,FALSE,217.4713519,560.2635117,414.4343897,206.2951042,833.4434858,205.9019703
Pt-558,TRUE,213.5892689,559.3730983,394.7178846,208.0554219,838.5484073,184.7781571
Pt-559,TRUE,218.6784686,559.7871159,414.7437982,208.0554219,837.3161849,202.205303
Pt-560,FALSE,240.8427719,548.8301665,426.1374672,227.770981,819.3609436,229.3141966
Pt-561,FALSE,190.5900245,491.789844,421.6437441,159.118588,754.0531544,220.5126078
Pt-562,FALSE,190.2989581,499.1222146,421.2035061,159.1769533,761.4473469,221.0403546
Pt-563,FALSE,193.234748,499.8302255,422.8162173,162.6412238,762.2120503,218.5148415
Pt-564,FALSE,190.3529592,514.6526392,387.4866844,174.6452977,781.8242287,181.8201957
Pt-565,FALSE,191.6511869,502.0355067,386.3871265,174.6452977,768.2697818,181.6441639
Pt-566,TRUE,233.4768772,539.1742974,443.9790558,219.8854644,812.2777261,236.7421101
Pt-567,TRUE,248.0617291,540.5595248,439.829925,239.2489599,815.0942345,239.7346503
Pt-568,TRUE,205.8351432,530.3634039,412.1613531,188.1997445,798.7896601,202.8462781
Pt-569,FALSE,208.2101496,512.346865,408.6330528,188.1997445,775.6707186,203.3717086
Pt-570,TRUE,205.4978693,511.3231557,365.2550195,206.5898117,775.1452881,156.6083951
Pt-571,TRUE,215.5891138,504.6507062,344.5453728,231.5477599,775.5393609,136.6420365
Pt-572,FALSE,227.2265988,507.4414954,334.1641585,252.5649794,770.4164137,121.0104795
Pt-573,TRUE,225.0836131,508.2058954,338.4294318,247.3106746,778.297871,126.0020691
Pt-574,TRUE,219.0135685,510.8871376,344.4908859,235.8825614,779.348732,132.5699502
Pt-575,TRUE,232.7987926,547.8643323,368.1097762,242.4504425,821.2518135,161.0745543
Pt-576,TRUE,227.9779678,550.859575,339.4508039,252.9590523,817.7051577,127.0529301
Pt-577,TRUE,241.7914342,541.9588852,339.8603111,268.721967,811.7940647,129.4173673
Pt-578,TRUE,246.1198753,536.5621044,361.449141,261.2345825,811.1372766,155.2948189
Pt-579,TRUE,233.9048548,504.2090637,335.7605056,259.9210063,767.2638307,127.0529301
Pt-580,TRUE,234.762837,497.3781724,329.8431136,265.1753112,757.2806514,118.1206118
Pt-581,TRUE,240.3888005,485.9526923,344.5828626,261.2345825,747.5601874,142.027699
Pt-582,FALSE,196.051653,405.6246011,385.8247543,195.7715181,643.2929221,172.7391514
Pt-583,TRUE,280.6347928,547.210631,318.1194895,322.8656627,818.28687,113.5030613
Pt-584,TRUE,288.1847403,543.8813682,339.8229423,322.8656627,819.0852,140.0076191
Pt-585,TRUE,281.2793449,548.6058035,336.6691215,316.3193563,824.3541784,135.8563029
Pt-586,TRUE,282.6441267,536.1343054,341.219259,316.3193563,811.4212315,138.091627
Pt-587,TRUE,314.3726127,553.619845,353.9001571,338.6725978,831.5391489,165.3945149
Pt-588,TRUE,396.5759267,507.3773318,416.9770575,419.3239762,773.4264704,265.2670508
Pt-589,TRUE,247.1308738,401.3590938,432.1359232,238.8095994,636.5736987,233.2636951
Pt-590,TRUE,317.7271015,367.4781509,335.2316847,354.3939556,602.7517987,154.0983331
Pt-591,TRUE,323.0179797,376.3580683,323.0539593,365.0383563,613.0920737,141.4771151
Pt-592,TRUE,307.6879,400.0788325,342.994081,340.7082975,641.6798928,157.595779
Pt-593,TRUE,327.4074552,404.2180496,267.5268763,386.3271578,636.2056295,79.1313394
Pt-594,TRUE,355.6419331,382.1322211,302.3686248,406.0953305,620.2390284,124.5981368
Pt-595,TRUE,345.020131,390.8257684,285.4680438,399.4045644,624.9529773,104.5258383
Pt-596,TRUE,335.2139531,414.6163215,257.8780842,393.3220497,647.154156,72.89676184
Pt-597,TRUE,409.4963266,396.3219026,283.485592,481.8511824,640.3787259,113.7154038
Pt-598,TRUE,427.4902473,441.1238135,317.0785714,495.9337246,685.4428608,155.0828714
Pt-599,TRUE,343.6381708,402.1718841,314.5863047,392.7791033,644.4274568,134.13509
Pt-600,TRUE,337.2763421,397.4771585,316.3347382,383.9775145,639.3225353,135.5433442
Pt-601,TRUE,335.0153416,421.9733015,283.6394108,391.0187855,668.3677785,99.63286169
Pt-602,TRUE,332.5712636,427.8775044,328.8334825,376.9362434,676.2892084,143.9928695
Pt-603,TRUE,319.3276492,368.2096197,334.1872484,357.0298663,603.1744281,153.2597314
Pt-604,TRUE,375.3409895,379.8275009,300.8019561,425.4995383,615.5845561,124.3740885
Pt-605,TRUE,739.1741905,229.6132154,202.8274344,850.8073244,425.9058673,77.78427633
Pt-606,TRUE,772.461046,198.9725354,251.0066341,874.2144441,392.6157416,153.9874547
Pt-607,TRUE,775.3662215,196.6183449,261.7695137,874.2144441,390.5351087,168.5518847
Pt-608,TRUE,779.0193028,180.8373501,283.5040759,874.2144441,373.6299668,199.7613776
Pt-609,TRUE,734.6998689,254.3465927,186.2442566,849.767008,451.913778,55.41747312
Pt-610,TRUE,772.8958224,241.867104,243.4178184,888.7788741,442.5509301,133.9613635
Pt-611,TRUE,770.2016416,262.4334914,247.6816766,888.7788741,466.9983662,135.261759
Pt-612,TRUE,747.6427807,321.4961494,202.7582805,878.3757098,537.4798042,64.26016276
Pt-613,TRUE,754.4181782,289.0171331,200.6592251,880.9765009,498.7280173,71.02221955
Pt-614,TRUE,788.8155513,262.8282991,223.1954148,909.5852027,464.6576542,108.2135319
Pt-615,TRUE,793.2204238,213.1581234,228.1203018,904.3836205,407.1801716,123.2981201
Pt-616,TRUE,798.0218529,200.9476335,259.8302566,904.3836205,395.7366909,169.332122
Pt-617,TRUE,800.2857119,167.4128121,257.3574758,904.3836205,359.0655368,174.5337042
Pt-618,FALSE,805.085987,229.4332169,199.4645828,927.2705819,418.1034941,85.06649133
Pt-619,TRUE,812.7407447,236.9052184,213.87799,934.0326387,432.407845,106.3929781
Pt-620,TRUE,806.1203386,228.7449166,198.6367035,926.2302655,419.4038896,84.54633312
Pt-621,TRUE,807.5075398,149.9590984,224.5077799,913.4863893,334.0979425,136.8222336
Pt-622,TRUE,802.0126636,174.033327,239.0004397,908.2848071,362.186486,146.7052397
Pt-623,TRUE,1140.266345,418.5968689,305.8041854,1238.585273,659.1234454,325.9594268
Pt-624,TRUE,1035.821007,402.0200073,284.7120592,1139.7543,630.850281,267.4114581
Pt-625,TRUE,1036.681776,401.9294469,260.4378024,1146.009425,633.102126,237.5119612
Pt-626,TRUE,1057.698085,460.3773874,275.0222947,1161.619033,711.005376,257.6330553
Pt-627,FALSE,1173.822197,429.1278077,270.1468834,1282.130388,677.8507739,290.2164644
Pt-628,TRUE,1170.297611,433.7176335,270.6992501,1278.433721,673.5996065,291.6951313
Pt-629,TRUE,1177.898084,386.9035074,304.8741334,1271.040386,621.4765973,349.178308
Pt-630,TRUE,1177.621514,387.9292656,264.2082921,1283.978722,619.9979304,296.5007988
Pt-631,TRUE,1201.222376,341.5828542,228.4854968,1320.997,559.1877531,262.1226935
Pt-632,TRUE,1182.174943,354.5481896,246.9815825,1293.377373,578.2094335,265.9811907
Pt-633,TRUE,1207.093884,399.8806456,235.7102592,1323.718862,635.0017827,262.9268205
Pt-634,TRUE,1213.956879,428.5330829,243.1302859,1331.112196,671.2291224,273.8319891
Pt-635,TRUE,1207.387446,392.1605808,206.3247355,1331.112196,623.9117808,221.5241466
Pt-636,TRUE,1222.594187,413.9988504,254.4552675,1334.808864,653.1154526,290.8366588
Pt-637,TRUE,1220.15045,428.630075,241.4589231,1338.505531,670.489789,269.211155
Pt-638,FALSE,1284.126278,376.7861654,212.2962902,1412.438877,610.9734452,267.5476547
Pt-639,TRUE,1264.609066,394.8071359,182.1540213,1399.500542,627.053948,213.9459786
Pt-640,TRUE,1267.16623,430.200446,193.7869552,1399.500542,675.1106231,223.5573136
Pt-641,TRUE,1278.105444,394.8292189,218.9743968,1403.197209,633.7079492,262.3723204
Pt-642,TRUE,1279.873609,384.3138248,218.8757879,1405.045543,620.3999468,264.4054874
Pt-643,TRUE,1274.358019,403.1241882,183.000246,1408.74221,638.69845,217.2729792
Pt-644,TRUE,1276.80387,378.9770133,196.7809502,1408.74221,611.5279453,239.6378164
Pt-645,TRUE,1270.181327,381.7749363,196.3170554,1403.171403,610.97322,233.9079821
Pt-646,FALSE,1257.615572,380.8577029,195.8831604,1390.038265,622.020533,225.0359805
Pt-647,TRUE,1245.346922,396.7121319,193.422218,1376.934159,631.4045991,218.5668127
Pt-648,TRUE,1234.703796,435.936164,234.247733,1353.88657,680.9149126,269.3959883
Pt-649,TRUE,1221.712768,427.9277047,241.280892,1341.340167,670.3471842,270.698262
Pt-650,TRUE,1101.973416,366.5556491,196.158856,1222.640125,590.706376,158.7690065
Pt-651,TRUE,1117.261938,434.1220851,275.9119988,1222.640125,679.9808917,276.3230271
Pt-652,TRUE,1240.2615,479.7948944,208.0466755,1370.506818,737.0944017,238.6170205
Pt-653,TRUE,1243.768772,470.0422301,217.8066977,1370.506818,726.9285666,252.8491897
Pt-654,TRUE,1244.115847,408.3099612,213.9805121,1370.506818,645.9715524,243.7923548
Pt-655,TRUE,1237.428164,415.9504646,199.4419543,1367.919151,655.7677208,221.4275175
Pt-656,TRUE,1233.925351,434.8703867,235.9564688,1353.132482,677.7628913,268.190359
Pt-657,TRUE,1224.063435,504.3826096,216.7277779,1353.132482,769.9947408,237.323187
Pt-658,TRUE,1226.060322,423.7890945,260.0840288,1338.345812,665.5638891,292.0338632
Pt-659,TRUE,1194.298193,435.7494973,218.6093409,1313.947808,687.0045596,219.3943505
Pt-660,TRUE,1200.156942,329.5433694,210.3937637,1327.81031,546.5579227,225.4684875
Pt-661,TRUE,1197.181622,328.9978198,186.9163024,1325.333367,542.3471181,191.5343564
Pt-662,TRUE,1192.398454,327.5096217,225.5748997,1313.939425,543.8332845,250.9810095
Pt-663,TRUE,1149.918101,330.2955433,166.923684,1272.079073,545.0717564,137.0415911
Pt-664,TRUE,1147.766258,329.7081895,135.197986,1271.33599,548.7871722,92.20890693
Pt-665,FALSE,1138.669245,330.9511221,118.2349193,1261.428214,548.7871722,58.52247019
Pt-666,TRUE,1131.15643,332.6410742,143.9934469,1257.465104,547.0533115,94.93354519
Pt-667,TRUE,1106.720634,338.7175983,149.3869557,1232.695666,555.2272263,89.48426866
Pt-668,TRUE,1077.023633,333.6724251,212.0487992,1196.532285,538.1156153,183.8114698
Pt-669,TRUE,1075.562643,345.9335391,199.2358041,1196.532285,556.3631594,160.8499769
Pt-670,TRUE,1031.003425,321.7344753,221.1847411,1152.360085,519.7160083,185.4640239
Pt-671,TRUE,997.9690975,350.2654061,208.6609697,1121.714689,559.5564796,148.0286851
Pt-672,TRUE,978.2377823,334.9505209,209.2292097,1101.90742,538.7238668,144.2939816
Pt-673,TRUE,405.0742714,406.0447107,317.9907421,463.208866,648.0623684,154.4541533
Pt-674,FALSE,396.4503795,404.5400288,244.7737962,469.2137859,646.0607285,57.12441035
Pt-675,TRUE,381.771827,428.788078,254.8220945,451.6994362,659.9471057,57.74992283
Pt-676,FALSE,385.4854011,402.5910013,242.2602984,451.6994362,629.2969938,49.36805551
Pt-677,TRUE,389.293797,361.4203873,277.2459554,444.1932864,592.2666546,109.1670493
Pt-678,TRUE,414.2437286,408.8524986,301.1877221,482.9750606,653.9421858,137.4402137
Pt-679,TRUE,416.0164557,389.8541302,258.1108628,491.3829056,631.8798047,86.70711314
Pt-680,TRUE,582.5741758,327.8186809,320.2243864,644.1497979,550.6799261,194.9965393
Pt-681,TRUE,611.7646907,309.385572,236.887715,707.0455753,527.6117793,98.67433448
Pt-682,TRUE,601.4318087,358.1150902,173.4893959,707.0455753,585.719076,15.87896347
Pt-683,TRUE,632.6747536,260.9107585,304.334735,701.0240938,474.6227418,191.7062241
Pt-684,TRUE,626.6416074,228.6978986,274.6506835,698.013353,434.5798897,156.7816312
Pt-685,TRUE,624.5144415,244.7356146,220.8830377,713.0670568,451.1389639,83.01848251
Pt-686,TRUE,615.9397839,305.0812991,169.7938281,713.0670568,523.0956681,17.68540793
Pt-687,TRUE,618.1071152,286.6456331,211.0606788,713.0670568,498.7086679,68.86800091
Pt-688,TRUE,626.0658556,238.3017302,255.1038832,707.0455753,440.9024453,126.6742236
Pt-689,TRUE,651.8802614,267.6818408,225.1784181,749.195946,477.0313344,95.36251964
Pt-690,TRUE,650.0153993,316.3844843,272.6015268,743.1744645,534.8375571,143.5343719
Pt-691,TRUE,634.5206879,319.2627608,194.4267516,743.1744645,533.0311126,47.79281557
Pt-692,TRUE,677.5089862,263.3475738,235.1213504,776.2926129,471.9130751,108.609779
Pt-693,TRUE,668.5641464,305.2037497,183.7961781,791.3463167,523.0956681,41.47025996
Pt-694,TRUE,663.3181906,359.2175149,198.2434279,785.6259093,584.2137056,46.28744519
Pt-695,TRUE,1010.336862,284.2117185,158.257686,1153.525585,467.4788264,90.31629422
Pt-696,FALSE,914.605994,271.9288171,145.6166154,1051.636192,455.6596568,17.97482527
Pt-697,TRUE,899.7945962,263.4761588,166.0764475,1035.333889,457.6974447,60.97214907
Pt-698,TRUE,965.486064,259.893716,190.4892693,1101.925941,452.7021652,118.005672
Pt-699,TRUE,1289.94772,405.8732303,185.2016044,1425.61767,649.0735015,225.3341861
Pt-700,TRUE,1297.067396,424.9416068,185.736472,1436.850975,671.9894448,229.3781761
Pt-701,TRUE,1356.540428,428.7663949,188.0788515,1502.004148,677.8307637,262.1794284
Pt-702,FALSE,1342.232991,363.8888325,124.5204061,1497.510825,585.2683258,179.7269655
Pt-703,FALSE,1341.944724,362.6338428,123.6381995,1501.330149,582.1230003,181.5242944
Pt-704,FALSE,1416.284579,438.6243118,146.597767,1577.716627,687.9407387,228.7041778
Pt-705,TRUE,1410.19474,436.4083348,139.1512584,1570.976644,682.9980843,216.5722078
Pt-706,TRUE,1394.616876,436.4926564,172.8988435,1545.861961,684.8300301,250.0437379
Pt-707,TRUE,1372.142586,431.9856285,183.1744694,1519.838655,681.8058168,254.0246228
Pt-708,TRUE,1322.817874,408.0383122,179.7924457,1461.909944,650.634653,233.4737228
Pt-709,TRUE,1269.908187,377.4960774,186.3260883,1401.222722,608.0156725,221.198353
Pt-710,TRUE,1251.355582,377.1700271,188.685433,1381.913152,606.4984919,217.3364389
Pt-711,FALSE,1259.669242,388.6560311,193.6053399,1394.326447,634.9111456,220.094949
Pt-712,TRUE,1225.408543,398.4822112,187.4425118,1355.707306,630.7733805,205.4748457
Pt-713,TRUE,1226.706105,375.6048769,134.5919503,1366.750973,596.0161537,136.3743365
Pt-714,TRUE,1210.547467,376.731649,144.8703843,1347.183608,607.601896,143.4195653
Pt-715,TRUE,1196.380903,374.9142967,158.6891861,1327.563294,601.9469503,151.9810503
Pt-716,TRUE,1181.985,379.0419057,178.6820976,1306.237245,620.4289678,169.8676209
Pt-717,TRUE,1234.107309,383.2020578,196.9322298,1361.075534,613.5326926,220.4139453
Pt-718,FALSE,1234.003168,399.8933926,164.7463296,1367.971809,630.083753,170.6228386
Pt-719,TRUE,1218.208455,414.8792503,211.1366867,1343.283144,653.2552376,229.7928795
Pt-720,TRUE,1259.415717,386.7913025,194.366503,1387.939758,618.4938399,224.9363412
Pt-721,TRUE,1275.032258,384.6345582,183.6176311,1408.057675,615.4601857,220.4656929
Pt-722,TRUE,1223.742535,414.2733543,220.8984583,1346.67792,651.9002843,250.1772058
Pt-723,TRUE,1230.878246,413.4064624,209.120078,1357.449245,650.5867081,232.5752844
Pt-724,TRUE,1285.936578,421.4028803,167.4713924,1427.462858,661.1090729,202.3631514
Pt-725,TRUE,1204.729405,426.9313613,218.0808425,1324.741197,672.008169,234.4779002
Pt-726,TRUE,1220.912649,536.8609165,214.9190797,1345.758417,811.2472486,230.2744563
Pt-727,TRUE,1250.69633,532.0612515,199.3807224,1381.356332,805.9929437,220.6853498
Pt-728,TRUE,1211.164612,541.1090673,215.9253966,1334.855734,816.5015535,228.0413767
Pt-729,TRUE,1206.237475,522.4272348,223.7752941,1330.65229,790.230029,237.6304831
Pt-730,TRUE,1193.604455,495.9474776,236.387858,1320.012323,760.0177759,252.605252
Pt-731,TRUE,1242.55586,512.5442167,196.4678143,1375.839312,781.0349955,217.6641245
Pt-732,TRUE,1268.304208,499.9425195,176.5482581,1409.860936,762.6449283,203.2147861
Pt-733,TRUE,1284.47943,505.7193485,170.3212296,1426.937427,766.585657,199.7994879
Pt-734,TRUE,1271.026449,497.5974943,164.3282876,1414.327095,756.0770472,186.6637257
Pt-735,FALSE,1240.313611,518.5919643,185.955829,1373.868948,787.6028766,199.2740574
Pt-736,FALSE,1241.085244,517.9130455,186.5127157,1377.415604,787.6028766,200.0622031
Pt-737,TRUE,1239.802026,521.7161813,186.4130759,1375.97067,790.230029,199.6681303
Pt-738,TRUE,1266.778571,517.5614374,177.7821437,1406.576996,784.9757241,202.0325675
Pt-739,TRUE,1294.47711,520.0523253,169.4743156,1437.183322,784.9757241,200.5876336
Pt-740,TRUE,1186.719183,527.1716436,231.059895,1311.34272,796.6665525,243.935649
Pt-741,TRUE,1196.486755,590.5933394,177.0357251,1329.207356,871.5403972,166.040579
Pt-742,TRUE,1200.386399,592.0068881,159.7752565,1332.88537,871.5403972,144.6292866
Pt-743,TRUE,1214.497336,588.6434962,167.4442262,1357.317887,867.5996685,163.938857
Pt-744,TRUE,1213.186833,585.6746303,159.2090981,1356.529742,859.7182112,151.06581
Pt-745,FALSE,1214.740501,579.8478011,152.8555925,1356.661099,853.1503301,152.2480286
Pt-746,FALSE,1220.7459,570.9741964,156.3604983,1359.550967,846.0570185,159.6040555
Pt-747,TRUE,1230.328112,559.851088,202.0036435,1357.974676,842.1162898,213.5920382
Pt-748,FALSE,1244.354698,559.4841818,195.8698352,1375.707955,842.1162898,211.8843891
Pt-749,FALSE,1250.085419,558.8952394,199.3807786,1372.555372,842.9044355,228.96088
Pt-750,TRUE,1251.662814,560.2787549,199.4779604,1381.750405,842.9044355,218.8463431
Pt-751,TRUE,1252.71356,561.1056587,192.6532555,1385.822491,842.9044355,210.3080977
Pt-752,TRUE,1264.450072,561.0398537,188.1610054,1399.746399,842.9044355,209.6513096
Pt-753,TRUE,1279.470268,555.4694856,182.178383,1417.479678,836.3365544,208.3377333
Pt-754,TRUE,1251.798007,558.4116123,192.2472539,1385.034346,838.1755611,208.8631638
Pt-755,TRUE,1275.853411,545.1689224,195.8616278,1408.154747,822.4921883,222.6207749
Pt-756,TRUE,1253.97353,544.6148406,223.2416861,1378.552381,822.4921883,253.7914784
Pt-757,TRUE,1234.772548,548.8826562,195.2512872,1366.985893,826.4130315,206.6433388
Pt-758,TRUE,1255.020032,549.2424142,189.3307414,1389.236678,826.4130315,205.8591702
Pt-759,TRUE,1276.724669,542.0884456,194.4230465,1408.154747,819.5515559,221.8366063
Pt-760,TRUE,1176.142204,620.2732228,221.1518329,1297.68499,910.7111605,218.6019106
Pt-761,TRUE,1177.629788,613.4294883,199.2197902,1298.959264,900.9090525,188.9015233
Pt-762,TRUE,1196.959291,592.9735009,177.4717609,1329.639862,873.46315,166.2586538
Pt-763,TRUE,1206.224988,602.2976267,158.0530067,1339.245928,887.1861012,145.674227
Pt-764,TRUE,1298.125496,580.2075901,129.3467788,1444.627429,866.9207088,151.4087325
Pt-765,TRUE,1337.020505,579.9050436,120.584484,1497.363859,867.045173,155.9495572
Pt-766,FALSE,1364.435911,564.7806237,86.63307472,1520.534883,852.8462176,125.5460814
Pt-767,FALSE,1354.609356,560.8162129,78.83016679,1522.255074,841.0698327,120.6928816
Pt-768,FALSE,1361.991401,564.9120974,86.52643241,1527.652552,847.4915839,129.7760041
Pt-769,FALSE,1332.511975,564.0050558,148.1841876,1485.620409,845.7829336,185.6259708
Pt-770,TRUE,1334.282071,561.4124656,148.9511154,1485.325559,841.7711553,187.4346029
Pt-771,TRUE,1309.665706,614.8903282,126.1162454,1463.711911,916.1221051,152.0962881
Pt-772,TRUE,1237.285209,567.3147482,152.2512411,1378.338001,848.6875227,145.7202619
Pt-773,TRUE,1253.096587,556.4860292,152.7066584,1392.386872,829.7755806,162.9031122
Pt-774,TRUE,1249.888084,545.2235249,164.5348917,1386.98346,815.8347775,170.7920938
Pt-775,TRUE,1239.762748,546.7337625,152.7342278,1375.095954,816.5912552,154.0415165
Pt-776,FALSE,1097.937402,590.6288846,163.9135021,1226.85657,862.398292,106.0269647
Pt-777,TRUE,1095.177788,590.630723,164.8903711,1229.106923,860.4492583,104.8435608
Pt-778,TRUE,1130.604085,615.9654415,83.9141242,1263.588299,893.8272301,11.74384605
Pt-779,TRUE,1123.09156,644.8466253,144.1465216,1263.588299,940.0322737,95.6025521
Pt-780,TRUE,1110.470732,641.8190299,120.0034384,1252.554258,928.584457,49.67335948
Pt-781,TRUE,1088.007764,632.7447461,149.5042442,1224.27953,918.3779697,89.39590445
Pt-782,TRUE,1100.137817,639.0593966,172.2869373,1233.934315,935.3428066,129.1184494
Pt-783,TRUE,1112.415959,646.2305286,146.2281925,1252.554258,939.3426462,98.08521116
Pt-784,TRUE,353.5622585,424.0149318,303.0246933,409.774697,669.2854191,123.3380562
Pt-785,TRUE,341.1172074,409.1217203,346.8629171,373.0515145,651.4028259,171.0781934
Pt-786,TRUE,356.2126219,423.7342907,387.5526199,376.2448347,665.4534348,218.1796666
Pt-787,TRUE,364.9244203,392.7512465,363.4675156,385.8247954,630.8059105,196.4650892
Pt-788,TRUE,403.0524867,407.0079608,319.4095937,460.8678205,647.5708416,155.4309244
Pt-789,FALSE,383.0474441,432.7377819,343.808869,428.9346183,681.1007039,174.4311797
Pt-790,TRUE,374.8390497,428.6068827,338.2532746,419.1505622,673.7703732,170.3406667
Pt-791,TRUE,349.9096649,429.8457994,346.2091459,383.8629733,678.1813219,174.1634889
Pt-792,TRUE,337.9599875,429.3880186,359.5250625,363.2785464,675.8288159,186.514145
Pt-793,TRUE,350.3467819,424.6504824,307.3310062,404.4474001,675.2406894,126.623265
Pt-794,TRUE,361.8840331,455.7299493,281.9779672,425.031827,708.6658778,95.15849823
Pt-795,FALSE,234.7058476,508.8325794,330.3245256,258.7400796,767.7756568,126.6012329
Pt-796,FALSE,219.0814024,488.4090136,353.0984149,220.494459,757.0525856,159.9618989
Pt-797,TRUE,279.1218465,392.5035133,329.8668959,318.2359114,635.2052561,134.5396668
Pt-798,TRUE,303.0662472,389.8733311,268.6769894,362.830271,621.5886578,74.51316236
Pt-799,TRUE,401.9064286,356.2242723,363.5351031,425.9835885,581.9575557,184.6759529
Pt-800,TRUE,455.0888684,356.6923696,371.9909104,484.9003464,581.9575557,198.0878978
Pt-801,FALSE,334.5605983,404.3813854,439.8549323,334.4949642,641.0339797,275.3662471
Pt-802,FALSE,312.7036133,434.0416283,471.5935824,305.1164182,666.5805415,302.828801
Pt-803,FALSE,340.6029128,433.7033891,481.1720011,342.6379308,666.5805415,313.3667577
Pt-804,TRUE,331.4971433,397.4722527,427.2549316,351.196071,632.4286591,260.1689358
Pt-805,FALSE,317.0457075,402.6904953,441.6550138,324.6077913,640.1916605,265.6030368
Pt-806,TRUE,323.8553614,409.0591388,423.2747452,325.3840915,646.0139115,249.688884
Pt-807,TRUE,360.2971531,433.5607288,415.6646746,371.7680246,677.065917,257.2578103
Pt-808,TRUE,360.1020908,444.5497239,467.6776532,348.0908704,696.4734204,311.0165948
Pt-809,TRUE,374.4285062,458.3200339,477.8902508,358.1827722,715.8809238,325.9603724
Pt-810,TRUE,370.1834685,454.1749165,441.8285495,370.0213493,706.1771721,286.9512906
Pt-811,TRUE,372.4150304,447.8298535,477.5840669,354.8834966,706.1771721,323.437397
Pt-812,FALSE,365.5691839,456.6798555,442.2985479,366.7220737,710.0586728,284.4283151
Pt-813,TRUE,365.5276198,430.0919951,475.589299,351.390146,682.5000179,323.825547
Pt-814,TRUE,338.9680907,408.2454324,438.8374448,337.9989687,645.6393077,280.1589008
Pt-815,TRUE,318.140096,402.4198357,444.2536022,324.2196412,637.4228885,261.4979338
Pt-816,FALSE,326.4496674,408.2747056,425.0301971,320.3381406,645.1858898,251.7941821
Pt-817,FALSE,328.9165703,551.769125,445.4900233,312.363973,829.5571722,255.5131838
Pt-818,FALSE,309.3607249,548.2094578,446.8126314,292.4437373,822.2581546,251.7116121
Pt-819,TRUE,403.9937543,584.4729487,375.4113639,433.4457103,871.7992047,197.5193519
Pt-820,TRUE,431.3556888,584.7537524,375.2503317,476.0986838,871.7992047,195.9588773
Pt-821,TRUE,463.983265,592.7590486,351.0190576,521.6125276,878.5612615,184.7754757
Pt-822,FALSE,969.7542631,680.3594858,181.909345,1115.269311,999.6523175,92.9515436
Pt-823,TRUE,968.6845803,668.0115363,115.0543279,1106.886845,977.0196605,1.917967518
Pt-824,TRUE,970.4243406,673.1807793,116.9690146,1108.563338,990.2639561,4.265057878
Pt-825,TRUE,972.0279796,668.7794068,149.7699116,1111.078078,979.0314522,52.71570887
Pt-826,TRUE,1145.27927,626.5213353,126.31976,1281.771916,907.9680224,70.42753742
Pt-827,TRUE,1049.84598,597.0331547,171.4205048,1179.907304,883.7558557,108.9247653
Pt-828,TRUE,1047.23812,590.2831985,178.5590035,1174.69372,872.1701135,116.310676
Pt-829,TRUE,1070.209202,597.6169193,144.6608521,1200.906462,872.1701135,72.42967712
Pt-830,TRUE,1068.399603,605.4463522,140.9634069,1197.575561,883.4662122,67.7953802
Pt-831,TRUE,1096.931467,611.4055301,121.0535775,1227.119203,885.6385389,47.80997476
Pt-832,TRUE,1041.157739,595.40955,164.1297451,1171.073175,878.2526282,94.1529439
Pt-833,TRUE,1016.309585,613.9647574,166.8672444,1150.570386,907.2169839,91.6635064
Pt-834,TRUE,1003.946034,608.711916,174.4552423,1136.305378,900.1925482,95.55396307
Pt-835,TRUE,961.6635829,588.7558329,173.3916629,1095.563651,868.5285536,81.72122823
Pt-836,TRUE,951.7210349,594.4239306,174.5713993,1084.540674,871.7724869,77.29043036
Pt-837,TRUE,968.1658262,579.6237731,188.558906,1100.955907,860.1696986,105.4962412
Pt-838,TRUE,975.237283,583.6820926,188.5526549,1108.209126,865.7005391,106.3607872
Pt-839,TRUE,1070.333212,550.0792885,167.4874137,1201.695747,810.7491819,101.9820417
Pt-840,TRUE,1163.338702,579.1965765,125.9698753,1301.551414,846.7719288,79.55771548
Pt-841,TRUE,1154.762775,573.8748853,128.8693384,1291.362123,839.0527688,78.32264987
Pt-842,TRUE,1198.83728,579.7344205,117.8371508,1342.411502,854.4910889,88.10025262
Pt-843,TRUE,1206.174793,575.1206935,136.2681751,1346.528387,846.2573182,116.4038395
Pt-844,TRUE,1179.274433,547.8002721,127.0535668,1320.283243,811.2637925,90.46746171
Pt-845,FALSE,1154.459865,532.3475275,148.0926666,1297.434529,793.7670297,106.9350032
Pt-846,FALSE,1153.868884,532.4843406,147.0771597,1290.0247,786.5948077,99.42168738
Pt-847,TRUE,1141.513203,557.673447,160.5047604,1272.127525,819.1493722,121.9307587
Pt-848,TRUE,1172.854184,630.0516272,139.7324636,1312.148423,913.4313522,106.6115522
Pt-849,TRUE,1159.10848,649.0409279,104.6929472,1300.424755,940.3268253,53.64815895
Pt-850,TRUE,1131.583171,642.2382008,99.03542846,1272.839654,933.4305501,43.99337371
Pt-851,TRUE,1095.103595,645.1489738,116.8432062,1235.599768,931.0858166,46.33810727
Pt-852,TRUE,961.123108,671.4643859,169.8507276,1103.191285,983.0837314,69.37166633
Pt-853,TRUE,899.6562926,650.5095772,207.553914,1041.124809,943.2232609,103.7151167
Pt-854,TRUE,905.2411186,633.468871,174.8327953,1046.641829,911.0866186,62.33746566
Pt-855,TRUE,906.8297496,643.7626181,181.1605859,1052.158849,929.9824126,70.06129385
Pt-856,TRUE,883.7702241,682.2489903,190.2743667,1031.470024,980.1872958,77.23342003
Pt-857,FALSE,967.9679363,682.5287973,179.3483079,1117.949314,1001.722928,94.47444403
Pt-858,FALSE,968.4107069,682.5142022,179.8830421,1107.32905,1001.559268,99.16105445
Pt-859,FALSE,968.0729016,682.5183538,180.1976923,1118.914793,1001.674793,95.85285886
Pt-860,TRUE,1004.078847,642.0354299,164.6778966,1138.2243,946.6241844,87.72001836
Pt-861,TRUE,1026.136331,627.514541,152.2554988,1161.777397,925.4776651,72.62856983
Pt-862,TRUE,1004.623715,637.8851757,183.0940481,1142.985267,941.6567871,114.0443914
Pt-863,TRUE,986.8128556,646.1121147,166.7659619,1126.281275,949.9869231,81.48900733
Pt-864,TRUE,974.6234233,670.6645542,178.4495149,1116.24034,983.0228407,89.12909702
Pt-865,TRUE,949.0818541,684.8730151,179.849994,1094.950404,1004.357602,81.73155837
Pt-866,FALSE,966.0891628,684.9519332,179.7072646,1120.600641,1003.414354,95.91360568
Pt-867,TRUE,946.2967352,681.7171666,177.6741154,1092.650054,998.8622469,86.09397233
Pt-868,FALSE,925.1562687,691.4742845,149.5143439,1061.148662,1013.523384,37.75056093
Pt-869,TRUE,908.3988902,652.8987354,174.6664628,1051.532921,943.8838224,60.43643652
Pt-870,TRUE,911.8772449,680.9264642,140.8115061,1054.719794,993.7792735,13.46144407
Pt-871,FALSE,872.9888935,564.7430627,183.8263306,1028.173161,841.1868825,63.64805622
Pt-872,FALSE,854.597686,567.9015656,216.5033811,999.3400141,848.3480728,112.2592035
Pt-873,FALSE,841.5661864,564.6658319,191.0530843,1005.78775,845.9863109,52.57033583
Pt-874,FALSE,904.8735256,628.5917723,143.2099469,1048.425779,892.7917955,15.31644023
Pt-875,FALSE,905.0622462,629.2531343,144.5528635,1048.425779,895.4322722,12.4999318
Pt-876,TRUE,916.5719257,652.2499778,146.7451278,1057.227368,943.3129155,23.9419973
Pt-877,TRUE,925.324675,667.2852641,158.4480661,1067.789275,965.1408558,42.60136566
Pt-878,FALSE,965.9879708,685.4354191,179.4073929,1111.269123,1010.909118,94.88280341
Pt-879,FALSE,877.8036436,555.0392694,191.0923602,1034.866822,833.0588003,77.87928013
Pt-880,FALSE,870.2677213,548.7305824,192.3542549,1029.837343,824.8439841,72.17920355
Pt-881,FALSE,868.9243268,549.6184194,199.6558402,1024.807863,822.3292444,94.64421127
Pt-882,FALSE,854.4534184,531.7913762,161.8633148,1012.658874,800.5302488,39.0608942
Pt-883,TRUE,1140.390957,638.9203421,115.5524071,1279.215377,920.3325578,60.97909488
Pt-884,FALSE,1082.056469,589.8346332,121.2138236,1213.655616,860.2740786,43.41823952
Pt-885,FALSE,1097.182745,589.2524516,116.1099534,1232.295888,858.6477461,40.91618957
Pt-886,FALSE,849.7557492,570.6280728,173.3019379,1002.857908,848.7646488,44.66926449
Pt-887,TRUE,883.79164,606.7211686,196.8853968,1025.00105,885.044373,85.95308863
Pt-888,FALSE,854.7025283,539.0426092,171.2038298,1012.413664,809.9266389,47.19954003
Pt-889,FALSE,854.1967301,538.2492241,171.0414326,1016.667149,816.5570712,47.19954003
